,pred,labels
0,0,0
1,0,0
2,0,0
3,0,0
4,0,0
5,0,0
6,0,0
7,0,0
8,0,0
9,0,0
10,0,0
11,0,0
12,0,0
13,0,0
14,0,0
15,0,0
16,0,0
17,0,0
18,0,0
19,0,0
20,0,0
21,0,0
22,0,0
23,0,0
24,0,0
25,0,0
26,0,0
27,0,0
28,0,0
29,0,0
30,0,0
31,0,0
32,0,0
33,0,0
34,0,0
35,0,0
36,0,0
37,0,0
38,0,0
39,0,0
40,0,0
41,0,0
42,0,0
43,0,0
44,0,0
45,0,0
46,0,0
47,0,0
48,0,0
49,0,0
50,0,0
51,0,0
52,0,0
53,0,0
54,0,0
55,0,0
56,0,0
57,0,0
58,0,0
59,0,0
60,0,0
61,0,0
62,0,0
63,0,0
64,0,0
65,0,0
66,0,0
67,0,0
68,0,0
69,0,0
70,0,0
71,0,0
72,0,0
73,0,0
74,0,0
75,0,0
76,0,0
77,0,0
78,0,0
79,0,0
80,0,0
81,0,0
82,0,0
83,0,0
84,0,0
85,0,0
86,0,0
87,0,0
88,0,0
89,0,0
90,0,0
91,0,0
92,0,0
93,0,0
94,0,0
95,0,0
96,0,0
97,0,0
98,0,0
99,0,0
100,0,0
101,0,0
102,0,0
103,0,0
104,0,0
105,0,0
106,0,0
107,0,0
108,0,0
109,0,0
110,0,0
111,0,0
112,0,0
113,0,0
114,0,0
115,0,0
116,0,0
117,0,0
118,0,0
119,0,0
120,0,0
121,0,0
122,0,0
123,0,0
124,0,0
125,0,0
126,0,0
127,0,0
128,0,0
129,0,0
130,0,0
131,0,0
132,0,0
133,0,0
134,0,0
135,0,0
136,0,0
137,0,0
138,0,0
139,0,0
140,0,0
141,0,0
142,0,0
143,0,0
144,0,0
145,0,0
146,0,0
147,0,0
148,0,0
149,0,0
150,0,0
151,0,0
152,0,0
153,0,0
154,0,0
155,0,0
156,0,0
157,0,0
158,0,0
159,0,0
160,0,0
161,0,0
162,0,0
163,0,0
164,0,0
165,0,0
166,0,0
167,0,0
168,0,0
169,0,0
170,0,0
171,0,0
172,0,0
173,0,0
174,0,0
175,0,0
176,0,0
177,0,0
178,0,0
179,0,0
180,0,0
181,0,0
182,0,0
183,0,0
184,0,0
185,0,0
186,0,0
187,0,0
188,0,0
189,0,0
190,0,0
191,0,0
192,0,0
193,0,0
194,0,0
195,0,0
196,0,0
197,0,0
198,0,0
199,0,0
200,0,0
201,0,0
202,0,0
203,0,0
204,0,0
205,0,0
206,0,0
207,0,0
208,0,0
209,0,0
210,0,0
211,0,0
212,0,0
213,0,0
214,0,0
215,0,0
216,0,0
217,0,0
218,0,0
219,0,0
220,0,0
221,0,0
222,0,0
223,0,0
224,0,0
225,0,0
226,0,0
227,0,0
228,0,0
229,0,0
230,0,0
231,0,0
232,0,0
233,0,0
234,0,0
235,0,0
236,0,0
237,0,0
238,0,0
239,0,0
240,0,0
241,0,0
242,0,0
243,0,0
244,1,0
245,5,0
246,1,1
247,1,1
248,1,1
249,5,1
250,1,1
251,1,1
252,1,1
253,5,1
254,1,1
255,1,1
256,1,1
257,1,1
258,1,1
259,1,1
260,1,1
261,1,1
262,1,1
263,1,1
264,1,1
265,1,1
266,1,1
267,1,1
268,1,1
269,1,1
270,1,1
271,1,1
272,1,1
273,1,1
274,1,1
275,1,1
276,1,1
277,1,1
278,1,1
279,1,1
280,1,1
281,1,1
282,1,1
283,1,1
284,1,1
285,1,1
286,1,1
287,1,1
288,3,1
289,3,1
290,1,1
291,1,1
292,6,1
293,1,1
294,1,1
295,1,1
296,1,1
297,1,1
298,3,1
299,3,1
300,3,1
301,3,1
302,3,1
303,3,1
304,1,1
305,5,1
306,1,1
307,1,1
308,1,1
309,1,1
310,1,1
311,1,1
312,1,1
313,1,1
314,1,1
315,1,1
316,1,1
317,1,1
318,1,1
319,1,1
320,1,1
321,1,1
322,1,1
323,1,1
324,3,1
325,1,1
326,1,1
327,8,1
328,1,1
329,1,1
330,1,1
331,1,1
332,1,1
333,1,1
334,4,1
335,4,1
336,1,1
337,1,1
338,1,1
339,1,1
340,1,1
341,1,1
342,1,1
343,3,1
344,1,1
345,1,1
346,1,1
347,1,1
348,1,1
349,1,1
350,1,1
351,1,1
352,1,1
353,1,1
354,1,1
355,1,1
356,1,1
357,1,1
358,1,1
359,1,1
360,1,1
361,1,1
362,1,1
363,1,1
364,1,1
365,1,1
366,1,1
367,1,1
368,1,1
369,1,1
370,1,1
371,1,1
372,1,1
373,1,1
374,1,1
375,1,1
376,1,1
377,1,1
378,1,1
379,1,1
380,1,1
381,1,1
382,1,1
383,1,1
384,1,1
385,1,1
386,1,1
387,1,1
388,1,1
389,1,1
390,1,1
391,1,1
392,1,1
393,1,1
394,1,1
395,1,1
396,1,1
397,1,1
398,1,1
399,1,1
400,1,1
401,1,1
402,1,1
403,1,1
404,1,1
405,6,1
406,6,1
407,1,3
408,3,3
409,6,3
410,4,3
411,4,3
412,3,3
413,3,3
414,4,3
415,4,3
416,1,3
417,1,3
418,4,3
419,4,3
420,1,3
421,1,3
422,4,3
423,1,3
424,1,3
425,1,3
426,1,3
427,1,3
428,1,3
429,1,3
430,1,3
431,1,3
432,1,3
433,1,3
434,4,3
435,4,3
436,4,3
437,4,3
438,4,3
439,1,3
440,3,3
441,1,3
442,1,3
443,1,3
444,1,3
445,3,3
446,3,3
447,1,3
448,1,3
449,1,3
450,3,3
451,1,3
452,4,3
453,1,3
454,1,3
455,1,3
456,1,3
457,1,3
458,1,3
459,7,3
460,1,3
461,1,3
462,1,3
463,4,3
464,4,3
465,4,3
466,4,3
467,1,3
468,4,3
469,1,3
470,4,3
471,3,3
472,1,3
473,1,3
474,1,3
475,1,3
476,1,3
477,1,3
478,1,3
479,1,3
480,1,3
481,1,3
482,1,3
483,1,3
484,1,3
485,1,3
486,1,3
487,1,3
488,1,3
489,1,3
490,1,3
491,1,3
492,1,3
493,3,3
494,1,3
495,1,3
496,1,3
497,1,3
498,1,3
499,1,3
500,1,3
501,1,3
502,1,3
503,1,3
504,1,3
505,1,3
506,1,3
507,1,3
508,1,3
509,1,3
510,1,3
511,1,3
512,4,3
513,1,3
514,3,3
515,1,3
516,1,3
517,1,3
518,1,3
519,4,3
520,1,3
521,7,3
522,7,3
523,7,3
524,4,3
525,3,3
526,3,3
527,4,3
528,4,3
529,1,3
530,1,3
531,1,3
532,1,3
533,1,3
534,1,3
535,1,2
536,1,2
537,1,2
538,1,2
539,1,2
540,1,2
541,1,2
542,1,2
543,1,2
544,1,2
545,1,2
546,1,2
547,1,2
548,1,2
549,1,2
550,1,2
551,1,2
552,1,2
553,1,2
554,1,2
555,1,2
556,1,2
557,1,2
558,1,2
559,1,2
560,1,2
561,1,2
562,1,2
563,1,2
564,1,2
565,1,2
566,1,2
567,1,2
568,1,2
569,1,2
570,1,2
571,1,2
572,1,2
573,7,2
574,4,2
575,4,2
576,4,2
577,4,2
578,4,2
579,4,2
580,4,2
581,4,2
582,4,2
583,4,2
584,4,2
585,4,2
586,7,2
587,4,2
588,7,2
589,7,2
590,7,2
591,7,2
592,4,2
593,7,2
594,4,2
595,4,2
596,2,2
597,7,2
598,7,2
599,1,2
600,1,2
601,4,2
602,1,2
603,1,2
604,4,2
605,4,2
606,4,2
607,1,2
608,7,2
609,1,2
610,4,2
611,4,2
612,4,2
613,1,2
614,1,2
615,1,2
616,1,2
617,4,2
618,1,2
619,4,2
620,4,2
621,4,2
622,7,2
623,7,2
624,7,2
625,3,2
626,4,2
627,4,2
628,4,2
629,4,7
630,4,7
631,4,7
632,7,7
633,4,7
634,4,7
635,4,7
636,4,7
637,4,7
638,7,7
639,3,7
640,3,7
641,4,7
642,4,7
643,4,7
644,4,7
645,4,7
646,4,7
647,4,7
648,4,7
649,4,7
650,4,7
651,4,7
652,4,7
653,4,7
654,4,7
655,4,7
656,4,7
657,4,7
658,4,7
659,4,7
660,4,7
661,4,7
662,1,7
663,1,7
664,4,7
665,4,7
666,1,7
667,4,7
668,4,7
669,7,7
670,4,7
671,3,7
672,7,7
673,3,7
674,7,7
675,3,7
676,1,7
677,3,7
678,1,7
679,1,7
680,3,7
681,7,7
682,7,7
683,7,7
684,7,7
685,4,7
686,7,7
687,4,7
688,4,7
689,4,7
690,4,7
691,4,7
692,4,7
693,4,7
694,4,7
695,4,7
696,4,7
697,1,7
698,2,7
699,4,7
700,4,7
701,4,7
702,7,7
703,4,7
704,4,7
705,4,7
706,4,7
707,4,7
708,4,7
709,4,7
710,4,7
711,1,7
712,4,7
713,1,7
714,1,7
715,1,7
716,4,7
717,4,7
718,4,7
719,1,7
720,1,7
721,4,7
722,3,7
723,4,7
724,4,7
725,4,7
726,1,7
727,1,7
728,4,7
729,4,7
730,1,7
731,4,7
732,4,7
733,4,7
734,4,7
735,4,7
736,1,7
737,4,7
738,4,7
739,4,7
740,4,7
741,4,7
742,4,7
743,4,7
744,4,7
745,1,7
746,4,7
747,4,7
748,4,7
749,4,7
750,1,7
751,4,7
752,7,7
753,3,7
754,7,7
755,7,7
756,4,7
757,7,7
758,7,7
759,7,7
760,7,7
761,7,7
762,1,7
763,7,7
764,7,7
765,7,7
766,7,7
767,1,7
768,7,7
769,1,7
770,7,7
771,1,7
772,1,7
773,1,7
774,1,7
775,1,7
776,4,7
777,1,7
778,1,7
779,1,7
780,1,7
781,7,7
782,7,7
783,1,7
784,1,7
785,7,7
786,1,7
787,1,7
788,1,7
789,1,7
790,1,7
791,1,7
792,1,7
793,1,7
794,7,7
795,1,7
796,1,7
797,1,7
798,4,7
799,1,7
800,7,7
801,7,7
802,7,7
803,7,7
804,7,7
805,7,7
806,7,7
807,7,7
808,7,7
809,4,7
810,7,7
811,7,7
812,7,7
813,4,7
814,1,7
815,1,7
816,1,7
817,7,7
818,1,7
819,1,7
820,1,7
821,7,7
822,7,7
823,7,7
824,7,7
825,7,7
826,7,7
827,7,7
828,2,7
829,7,7
830,1,7
831,1,7
832,1,7
833,7,7
834,7,7
835,7,7
836,6,7
837,7,7
838,7,7
839,7,7
840,7,7
841,4,7
842,4,7
843,4,7
844,1,7
845,7,7
846,1,7
847,1,7
848,7,7
849,1,7
850,1,7
851,1,7
852,1,7
853,1,7
854,7,7
855,1,7
856,1,7
857,1,7
858,1,7
859,1,7
860,1,7
861,1,7
862,1,7
863,1,7
864,1,7
865,1,7
866,1,7
867,1,7
868,1,7
869,1,7
870,1,7
871,1,7
872,1,7
873,1,7
874,4,7
875,4,7
876,1,7
877,4,7
878,3,7
879,4,7
880,4,7
881,4,7
882,1,7
883,4,7
884,4,7
885,7,7
886,7,7
887,7,7
888,4,7
889,4,7
890,4,7
891,4,7
892,4,7
893,1,7
894,4,7
895,1,7
896,1,7
897,4,7
898,4,7
899,4,7
900,4,7
901,4,7
902,7,7
903,4,7
904,7,7
905,4,7
906,7,7
907,7,7
908,7,7
909,7,7
910,1,7
911,4,7
912,7,7
913,7,7
914,4,7
915,7,7
916,4,7
917,7,7
918,7,7
919,4,7
920,4,7
921,4,7
922,7,7
923,7,7
924,4,7
925,4,7
926,4,7
927,1,7
928,4,7
929,4,7
930,4,7
931,4,7
932,4,7
933,4,7
934,4,7
935,4,7
936,4,7
937,7,7
938,4,7
939,4,7
940,4,7
941,7,7
942,1,7
943,4,7
944,4,7
945,4,7
946,3,7
947,4,7
948,1,7
949,4,7
950,4,7
951,4,7
952,4,7
953,4,7
954,4,7
955,4,7
956,4,7
957,4,7
958,4,7
959,4,7
960,4,7
961,4,7
962,5,7
963,5,7
964,5,7
965,4,7
966,4,7
967,4,7
968,4,7
969,4,7
970,4,7
971,5,7
972,5,7
973,5,7
974,5,7
975,5,7
976,5,7
977,5,7
978,5,7
979,5,7
980,5,7
981,5,7
982,5,7
983,5,5
984,5,5
985,5,5
986,5,5
987,5,5
988,5,5
989,5,5
990,5,5
991,5,5
992,5,5
993,5,5
994,5,5
995,5,5
996,5,5
997,5,5
998,5,5
999,5,5
1000,5,5
1001,5,5
1002,5,5
1003,5,5
1004,5,5
1005,5,5
1006,5,5
1007,1,5
1008,5,5
1009,5,5
1010,5,5
1011,5,5
1012,5,5
1013,5,5
1014,5,5
1015,5,5
1016,5,5
1017,5,5
1018,5,5
1019,5,5
1020,5,5
1021,5,5
1022,5,5
1023,5,5
1024,5,5
1025,5,5
1026,5,5
1027,5,5
1028,5,5
1029,5,5
1030,5,5
1031,5,5
1032,5,5
1033,5,5
1034,5,5
1035,5,5
1036,5,5
1037,5,5
1038,5,5
1039,5,5
1040,5,5
1041,5,5
1042,5,5
1043,5,5
1044,5,5
1045,5,5
1046,5,5
1047,5,5
1048,5,5
1049,5,5
1050,5,5
1051,5,5
1052,5,5
1053,5,5
1054,5,5
1055,5,5
1056,5,5
1057,5,5
1058,5,5
1059,5,5
1060,5,5
1061,5,5
1062,5,5
1063,5,5
1064,5,5
1065,5,5
1066,5,5
1067,5,5
1068,5,5
1069,5,5
1070,5,5
1071,5,5
1072,5,5
1073,5,5
1074,5,5
1075,5,5
1076,5,5
1077,5,5
1078,5,5
1079,5,5
1080,5,5
1081,5,5
1082,5,5
1083,5,5
1084,5,5
1085,5,5
1086,5,5
1087,5,5
1088,5,5
1089,5,5
1090,5,5
1091,5,5
1092,5,5
1093,5,5
1094,5,5
1095,5,5
1096,5,5
1097,5,5
1098,5,5
1099,5,5
1100,1,5
1101,1,5
1102,1,5
1103,1,5
1104,1,5
1105,1,5
1106,1,5
1107,5,5
1108,5,5
1109,5,5
1110,5,5
1111,5,5
1112,5,5
1113,5,5
1114,5,5
1115,5,5
1116,5,5
1117,1,5
1118,1,5
1119,5,5
1120,5,5
1121,6,5
1122,5,5
1123,5,5
1124,5,5
1125,5,5
1126,5,5
1127,5,5
1128,5,5
1129,5,5
1130,5,5
1131,6,5
1132,6,5
1133,5,5
1134,6,5
1135,5,5
1136,1,5
1137,1,5
1138,1,5
1139,1,5
1140,1,5
1141,1,5
1142,9,5
1143,1,1
1144,1,1
1145,1,1
1146,3,1
1147,1,1
1148,1,1
1149,1,1
1150,1,1
1151,1,1
1152,1,1
1153,4,1
1154,1,1
1155,1,1
1156,1,1
1157,1,1
1158,1,1
1159,1,1
1160,1,1
1161,1,1
1162,1,1
1163,1,1
1164,1,1
1165,1,1
1166,1,1
1167,1,1
1168,1,1
1169,1,1
1170,1,1
1171,1,1
1172,1,1
1173,4,1
1174,4,1
1175,4,1
1176,4,1
1177,4,1
1178,1,1
1179,1,1
1180,1,1
1181,1,1
1182,1,1
1183,1,1
1184,1,1
1185,1,1
1186,4,1
1187,1,1
1188,1,1
1189,1,1
1190,1,1
1191,1,1
1192,1,1
1193,1,1
1194,1,1
1195,1,1
1196,1,1
1197,1,1
1198,1,1
1199,1,1
1200,1,1
1201,1,1
1202,1,1
1203,1,1
1204,1,1
1205,1,1
1206,1,1
1207,1,1
1208,1,1
1209,1,1
1210,1,1
1211,1,1
1212,1,1
1213,1,1
1214,1,1
1215,1,1
1216,1,1
1217,1,1
1218,1,1
1219,1,1
1220,1,1
1221,1,1
1222,1,1
1223,1,1
1224,1,1
1225,1,1
1226,1,1
1227,1,1
1228,1,1
1229,1,1
1230,1,1
1231,1,1
1232,4,1
1233,4,1
1234,4,1
1235,1,3
1236,4,3
1237,4,3
1238,4,3
1239,4,3
1240,4,3
1241,4,3
1242,4,3
1243,4,3
1244,4,3
1245,1,3
1246,4,3
1247,4,3
1248,4,3
1249,4,3
1250,4,3
1251,1,3
1252,7,3
1253,4,3
1254,4,3
1255,4,3
1256,3,3
1257,1,3
1258,7,3
1259,1,3
1260,1,3
1261,1,3
1262,1,3
1263,1,3
1264,1,3
1265,1,3
1266,1,3
1267,1,3
1268,1,3
1269,3,3
1270,1,3
1271,1,3
1272,1,3
1273,1,3
1274,1,3
1275,1,3
1276,1,3
1277,1,3
1278,1,3
1279,1,3
1280,1,3
1281,1,3
1282,3,3
1283,3,3
1284,1,3
1285,1,3
1286,1,3
1287,1,3
1288,1,3
1289,1,3
1290,1,3
1291,3,3
1292,1,3
1293,1,3
1294,1,3
1295,1,3
1296,1,3
1297,7,3
1298,1,3
1299,1,3
1300,1,3
1301,1,3
1302,1,3
1303,1,3
1304,1,3
1305,1,3
1306,1,3
1307,1,3
1308,1,3
1309,1,3
1310,1,3
1311,1,3
1312,1,3
1313,1,3
1314,1,3
1315,1,3
1316,1,3
1317,1,3
1318,1,3
1319,1,3
1320,1,3
1321,1,3
1322,1,3
1323,1,3
1324,1,3
1325,1,3
1326,1,3
1327,1,3
1328,1,3
1329,1,3
1330,1,3
1331,1,3
1332,1,3
1333,1,3
1334,1,3
1335,1,3
1336,1,3
1337,1,3
1338,4,3
1339,1,3
1340,1,3
1341,1,3
1342,1,3
1343,1,3
1344,1,3
1345,1,3
1346,1,3
1347,1,3
1348,1,3
1349,1,3
1350,1,3
1351,1,3
1352,4,3
1353,4,3
1354,4,3
1355,1,3
1356,1,3
1357,1,3
1358,1,3
1359,1,3
1360,1,3
1361,1,3
1362,1,3
1363,1,3
1364,1,3
1365,1,3
1366,1,3
1367,1,3
1368,1,3
1369,1,3
1370,1,3
1371,3,3
1372,3,3
1373,1,3
1374,1,3
1375,1,3
1376,1,3
1377,1,3
1378,1,3
1379,1,3
1380,7,3
1381,4,3
1382,1,3
1383,4,3
1384,4,3
1385,7,3
1386,4,3
1387,3,3
1388,4,3
1389,4,3
1390,4,3
1391,4,3
1392,4,3
1393,3,3
1394,3,3
1395,4,3
1396,4,3
1397,4,3
1398,4,3
1399,3,3
1400,1,3
1401,7,3
1402,7,3
1403,7,3
1404,7,3
1405,4,3
1406,4,3
1407,4,3
1408,4,3
1409,4,3
1410,4,3
1411,4,3
1412,7,3
1413,1,3
1414,7,3
1415,4,3
1416,1,3
1417,4,3
1418,4,3
1419,4,3
1420,4,3
1421,4,3
1422,7,3
1423,4,3
1424,7,3
1425,7,3
1426,4,3
1427,4,3
1428,4,3
1429,1,3
1430,4,3
1431,4,3
1432,1,3
1433,4,3
1434,3,3
1435,7,3
1436,4,3
1437,1,1
1438,1,1
1439,4,1
1440,4,1
1441,4,1
1442,4,1
1443,1,1
1444,4,1
1445,4,1
1446,4,1
1447,1,1
1448,1,1
1449,4,1
1450,4,1
1451,1,1
1452,1,1
1453,1,1
1454,1,1
1455,1,1
1456,1,1
1457,1,1
1458,1,1
1459,1,1
1460,1,1
1461,1,1
1462,1,1
1463,1,1
1464,1,1
1465,1,1
1466,1,1
1467,1,1
1468,4,1
1469,4,1
1470,4,1
1471,1,1
1472,1,1
1473,1,1
1474,4,1
1475,1,1
1476,1,1
1477,4,1
1478,1,1
1479,1,1
1480,2,1
1481,1,1
1482,1,1
1483,1,1
1484,1,1
1485,1,1
1486,4,1
1487,4,1
1488,1,1
1489,1,1
1490,2,1
1491,1,1
1492,9,1
1493,4,1
1494,1,1
1495,4,1
1496,4,1
1497,4,1
1498,1,1
1499,1,1
1500,1,1
1501,1,1
1502,1,1
1503,1,1
1504,1,1
1505,1,1
1506,1,1
1507,1,1
1508,1,1
1509,1,1
1510,1,1
1511,1,1
1512,1,1
1513,1,1
1514,2,1
1515,1,1
1516,1,1
1517,1,1
1518,1,1
1519,1,1
1520,1,1
1521,1,1
1522,1,1
1523,1,1
1524,1,1
1525,1,1
1526,1,1
1527,1,1
1528,1,1
1529,1,1
1530,1,1
1531,1,1
1532,3,1
1533,1,1
1534,1,1
1535,1,1
1536,1,1
1537,1,1
1538,1,1
1539,3,1
1540,1,1
1541,1,1
1542,1,1
1543,1,1
1544,1,1
1545,1,1
1546,1,1
1547,1,1
1548,1,1
1549,1,1
1550,1,1
1551,1,1
1552,1,1
1553,1,1
1554,1,1
1555,1,1
1556,1,1
1557,1,1
1558,1,1
1559,1,1
1560,4,1
1561,1,1
1562,1,1
1563,1,1
1564,1,1
1565,1,1
1566,1,1
1567,1,1
1568,1,1
1569,1,1
1570,1,1
1571,1,1
1572,1,1
1573,1,1
1574,1,1
1575,1,1
1576,1,1
1577,1,1
1578,1,1
1579,1,1
1580,1,1
1581,1,1
1582,2,1
1583,1,1
1584,1,1
1585,1,1
1586,2,1
1587,1,1
1588,4,1
1589,1,1
1590,1,1
1591,3,1
1592,1,1
1593,3,1
1594,3,1
1595,3,3
1596,3,3
1597,3,3
1598,4,3
1599,3,3
1600,3,3
1601,7,3
1602,7,3
1603,3,3
1604,1,3
1605,1,3
1606,3,3
1607,2,3
1608,1,3
1609,1,3
1610,3,3
1611,3,3
1612,3,3
1613,3,3
1614,3,3
1615,4,3
1616,3,3
1617,4,3
1618,4,3
1619,1,3
1620,3,3
1621,3,3
1622,4,3
1623,3,3
1624,3,3
1625,3,3
1626,3,3
1627,3,3
1628,3,3
1629,3,3
1630,7,3
1631,7,3
1632,7,3
1633,1,3
1634,3,3
1635,3,3
1636,3,3
1637,3,3
1638,4,3
1639,3,3
1640,3,3
1641,3,3
1642,3,3
1643,3,3
1644,3,3
1645,7,3
1646,3,3
1647,4,3
1648,6,3
1649,3,3
1650,3,3
1651,6,3
1652,3,3
1653,4,3
1654,4,3
1655,4,3
1656,3,3
1657,3,3
1658,3,3
1659,4,3
1660,4,3
1661,4,3
1662,3,3
1663,3,3
1664,3,3
1665,3,3
1666,7,3
1667,1,3
1668,3,3
1669,7,3
1670,3,3
1671,7,3
1672,1,3
1673,1,3
1674,1,3
1675,3,3
1676,3,3
1677,7,3
1678,3,3
1679,4,3
1680,4,3
1681,4,3
1682,4,3
1683,4,3
1684,4,3
1685,4,3
1686,4,3
1687,4,3
1688,4,3
1689,4,3
1690,4,3
1691,4,3
1692,4,3
1693,4,3
1694,4,3
1695,3,3
1696,4,3
1697,4,3
1698,1,3
1699,4,3
1700,4,3
1701,4,1
1702,2,1
1703,1,1
1704,1,1
1705,2,1
1706,1,1
1707,1,1
1708,1,1
1709,4,1
1710,4,1
1711,6,1
1712,4,1
1713,4,1
1714,3,1
1715,3,1
1716,3,1
1717,6,1
1718,3,1
1719,3,1
1720,4,1
1721,3,1
1722,4,1
1723,4,1
1724,4,1
1725,4,1
1726,3,1
1727,3,1
1728,3,1
1729,3,1
1730,3,1
1731,4,1
1732,6,1
1733,6,1
1734,6,1
1735,4,1
1736,4,1
1737,4,1
1738,4,1
1739,6,1
1740,6,1
1741,6,8
1742,4,8
1743,6,8
1744,4,8
1745,6,8
1746,4,8
1747,4,8
1748,6,8
1749,6,8
1750,6,8
1751,6,8
1752,6,8
1753,8,8
1754,4,8
1755,4,8
1756,8,8
1757,4,8
1758,6,8
1759,6,8
1760,1,8
1761,4,8
1762,8,8
1763,1,8
1764,1,8
1765,2,8
1766,2,8
1767,7,8
1768,1,8
1769,1,8
1770,2,8
1771,4,8
1772,4,8
1773,4,8
1774,4,8
1775,4,8
1776,1,8
1777,1,8
1778,4,8
1779,4,8
1780,4,4
1781,4,4
1782,4,4
1783,4,4
1784,4,4
1785,4,4
1786,4,4
1787,2,4
1788,1,4
1789,4,4
1790,1,4
1791,4,4
1792,4,4
1793,4,4
1794,4,4
1795,4,4
1796,4,4
1797,1,4
1798,4,4
1799,4,4
1800,4,4
1801,3,4
1802,4,4
1803,4,4
1804,1,4
1805,4,4
1806,4,4
1807,4,4
1808,4,4
1809,4,4
1810,4,4
1811,1,4
1812,7,4
1813,4,4
1814,4,4
1815,3,4
1816,4,4
1817,4,4
1818,4,4
1819,4,4
1820,1,4
1821,2,4
1822,7,4
1823,4,4
1824,4,4
1825,4,4
1826,3,4
1827,1,4
1828,4,4
1829,4,4
1830,4,4
1831,4,4
1832,3,4
1833,4,4
1834,3,4
1835,3,4
1836,1,4
1837,4,4
1838,6,4
1839,6,4
1840,4,4
1841,3,4
1842,1,4
1843,1,4
1844,6,4
1845,1,4
1846,3,4
1847,4,4
1848,3,4
1849,6,4
1850,4,4
1851,1,4
1852,1,4
1853,1,4
1854,1,4
1855,1,4
1856,1,4
1857,1,4
1858,4,4
1859,1,4
1860,1,4
1861,1,4
1862,1,4
1863,1,4
1864,3,4
1865,1,4
1866,1,4
1867,1,4
1868,1,4
1869,1,4
1870,4,4
1871,4,4
1872,1,4
1873,1,4
1874,1,4
1875,1,4
1876,1,4
1877,1,4
1878,1,4
1879,1,4
1880,4,4
1881,4,4
1882,4,4
1883,4,4
1884,4,4
1885,4,4
1886,1,4
1887,4,4
1888,1,4
1889,4,4
1890,4,4
1891,7,4
1892,4,4
1893,4,4
1894,3,4
1895,4,4
1896,1,4
1897,1,4
1898,1,4
1899,4,4
1900,1,4
1901,4,4
1902,4,4
1903,4,4
1904,4,4
1905,1,4
1906,1,4
1907,4,4
1908,4,4
1909,1,4
1910,4,4
1911,4,4
1912,4,4
1913,4,4
1914,4,4
1915,4,4
1916,4,4
1917,4,4
1918,1,4
1919,4,4
1920,5,4
1921,4,4
1922,4,4
1923,4,4
1924,4,4
1925,4,4
1926,4,4
1927,4,4
1928,4,4
1929,4,4
1930,4,4
1931,1,4
1932,2,4
1933,4,4
1934,4,4
1935,4,4
1936,4,4
1937,4,4
1938,4,4
1939,1,4
1940,4,4
1941,1,4
1942,1,4
1943,1,4
1944,1,4
1945,1,4
1946,1,4
1947,1,4
1948,1,4
1949,1,4
1950,4,4
1951,1,4
1952,3,4
1953,1,4
1954,1,4
1955,1,4
1956,1,4
1957,1,4
1958,1,4
1959,4,4
1960,4,4
1961,1,4
1962,3,4
1963,1,4
1964,3,4
1965,1,4
1966,3,4
1967,3,4
1968,1,4
1969,3,4
1970,4,4
1971,1,4
1972,1,4
1973,1,4
1974,1,4
1975,4,4
1976,1,4
1977,1,4
1978,1,4
1979,1,4
1980,1,4
1981,1,4
1982,1,4
1983,3,4
1984,1,4
1985,1,4
1986,1,4
1987,1,4
1988,1,4
1989,1,4
1990,1,4
1991,4,4
1992,1,4
1993,1,4
1994,1,4
1995,1,4
1996,6,4
1997,1,4
1998,1,4
1999,1,4
2000,1,4
2001,1,4
2002,1,4
2003,1,4
2004,4,4
2005,4,4
2006,1,4
2007,1,4
2008,1,4
2009,1,4
2010,1,4
2011,1,4
2012,1,4
2013,1,4
2014,1,4
2015,1,4
2016,1,4
2017,1,4
2018,1,4
2019,1,4
2020,1,4
2021,4,4
2022,1,4
2023,1,4
2024,1,4
2025,1,4
2026,1,4
2027,1,4
2028,4,4
2029,1,4
2030,1,4
2031,1,4
2032,1,4
2033,1,4
2034,1,4
2035,1,4
2036,1,4
2037,1,4
2038,1,4
2039,1,4
2040,6,4
2041,4,4
2042,4,4
2043,1,4
2044,1,4
2045,1,4
2046,1,4
2047,1,4
2048,1,4
2049,1,4
2050,4,4
2051,4,4
2052,4,4
2053,4,4
2054,4,4
2055,4,4
2056,1,4
2057,1,4
2058,1,4
2059,1,4
2060,1,4
2061,3,4
2062,1,4
2063,3,4
2064,1,4
2065,3,4
2066,3,4
2067,1,4
2068,1,4
2069,1,4
2070,1,4
2071,4,4
2072,1,4
2073,3,4
2074,4,4
2075,3,4
2076,4,4
2077,3,4
2078,3,4
2079,3,4
2080,3,4
2081,3,4
2082,1,4
2083,3,4
2084,3,4
2085,1,4
2086,3,4
2087,4,4
2088,1,4
2089,4,4
2090,4,4
2091,4,4
2092,4,4
2093,4,4
2094,4,4
2095,4,4
2096,4,4
2097,7,4
2098,4,4
2099,4,4
2100,4,4
2101,4,4
2102,4,4
2103,4,4
2104,4,4
2105,1,4
2106,3,4
2107,3,4
2108,1,4
2109,4,4
2110,4,4
2111,1,4
2112,1,4
2113,1,4
2114,4,4
2115,1,4
2116,1,4
2117,1,4
2118,1,4
2119,1,4
2120,1,4
2121,1,4
2122,1,4
2123,1,4
2124,4,4
2125,4,4
2126,4,4
2127,4,4
2128,4,4
2129,3,4
2130,4,4
2131,1,4
2132,1,4
2133,1,4
2134,4,4
2135,1,4
2136,1,4
2137,1,4
2138,1,4
2139,1,4
2140,1,4
2141,1,4
2142,4,4
2143,4,4
2144,4,4
2145,4,4
2146,1,4
2147,4,4
2148,1,4
2149,1,4
2150,4,4
2151,4,4
2152,4,4
2153,5,4
2154,4,4
2155,5,4
2156,4,4
2157,7,4
2158,7,4
2159,5,4
2160,7,4
2161,5,4
2162,5,4
2163,5,4
2164,5,5
2165,4,5
2166,5,5
2167,5,5
2168,5,5
2169,5,5
2170,5,5
2171,5,5
2172,5,5
2173,5,5
2174,5,5
2175,5,5
2176,5,5
2177,5,5
2178,5,5
2179,5,5
2180,5,5
2181,5,5
2182,5,5
2183,5,5
2184,5,5
2185,5,5
2186,5,5
2187,5,5
2188,5,5
2189,5,5
2190,5,5
2191,5,5
2192,5,5
2193,4,5
2194,5,5
2195,5,5
2196,1,5
2197,5,5
2198,5,5
2199,5,5
2200,5,5
2201,5,5
2202,5,5
2203,5,5
2204,5,5
2205,5,5
2206,5,5
2207,5,5
2208,5,5
2209,5,5
2210,5,5
2211,5,5
2212,5,5
2213,5,5
2214,5,5
2215,5,5
2216,5,5
2217,5,5
2218,5,5
2219,5,5
2220,5,5
2221,5,5
2222,5,5
2223,5,5
2224,5,5
2225,5,5
2226,5,5
2227,5,5
2228,5,5
2229,5,5
2230,5,5
2231,5,5
2232,5,5
2233,5,5
2234,5,5
2235,5,5
2236,5,5
2237,5,5
2238,5,5
2239,5,5
2240,5,5
2241,5,5
2242,5,5
2243,5,5
2244,5,5
2245,5,5
2246,5,5
2247,5,5
2248,5,5
2249,5,5
2250,5,5
2251,5,5
2252,5,5
2253,5,5
2254,5,5
2255,5,5
2256,5,5
2257,5,5
2258,5,5
2259,5,5
2260,5,5
2261,5,5
2262,5,5
2263,5,5
2264,5,5
2265,5,5
2266,5,5
2267,5,5
2268,5,5
2269,5,5
2270,5,5
2271,5,5
2272,5,5
2273,5,5
2274,5,5
2275,5,5
2276,5,5
2277,5,5
2278,5,5
2279,5,5
2280,5,5
2281,5,5
2282,5,5
2283,5,5
2284,5,5
2285,5,5
2286,5,5
2287,5,5
2288,5,5
2289,5,5
2290,5,5
2291,5,5
2292,5,5
2293,5,5
2294,5,5
2295,5,5
2296,5,5
2297,5,5
2298,5,5
2299,5,5
2300,5,5
2301,5,5
2302,5,5
2303,5,5
2304,5,5
2305,5,5
2306,5,5
2307,5,5
2308,5,5
2309,5,5
2310,5,5
2311,5,5
2312,5,5
2313,5,5
2314,5,5
2315,5,5
2316,1,5
2317,5,5
2318,5,5
2319,5,5
2320,5,5
2321,5,5
2322,5,5
2323,5,5
2324,5,5
2325,4,5
2326,1,1
2327,1,1
2328,1,1
2329,1,1
2330,1,1
2331,1,1
2332,1,1
2333,1,1
2334,3,1
2335,3,1
2336,3,1
2337,1,1
2338,1,1
2339,1,1
2340,3,1
2341,1,1
2342,1,1
2343,1,1
2344,3,1
2345,1,1
2346,1,1
2347,1,1
2348,1,1
2349,1,1
2350,1,1
2351,1,1
2352,1,1
2353,1,1
2354,1,1
2355,1,1
2356,1,1
2357,1,1
2358,1,1
2359,1,1
2360,1,1
2361,1,1
2362,1,1
2363,1,1
2364,1,1
2365,1,1
2366,1,1
2367,1,1
2368,1,1
2369,3,1
2370,4,1
2371,1,1
2372,2,1
2373,2,1
2374,2,1
2375,1,1
2376,1,1
2377,1,1
2378,1,1
2379,1,1
2380,1,1
2381,1,1
2382,1,1
2383,1,1
2384,1,1
2385,1,1
2386,6,1
2387,6,1
2388,6,1
2389,4,1
2390,1,1
2391,1,1
2392,1,1
2393,1,1
2394,1,1
2395,1,1
2396,1,1
2397,1,1
2398,3,1
2399,1,1
2400,1,1
2401,1,1
2402,1,1
2403,1,1
2404,1,1
2405,1,1
2406,1,1
2407,1,1
2408,1,1
2409,1,1
2410,1,1
2411,1,1
2412,1,1
2413,1,1
2414,1,1
2415,1,1
2416,1,1
2417,1,1
2418,1,1
2419,1,1
2420,1,1
2421,1,1
2422,1,1
2423,1,1
2424,1,1
2425,3,1
2426,1,1
2427,3,1
2428,3,1
2429,1,1
2430,3,1
2431,1,1
2432,1,1
2433,4,1
2434,9,1
2435,9,3
2436,4,3
2437,4,3
2438,1,3
2439,1,3
2440,6,3
2441,6,3
2442,1,3
2443,4,3
2444,4,3
2445,1,3
2446,1,3
2447,1,3
2448,3,3
2449,3,3
2450,1,3
2451,1,3
2452,1,3
2453,9,3
2454,1,3
2455,4,3
2456,4,3
2457,4,3
2458,6,3
2459,3,3
2460,3,3
2461,4,3
2462,3,3
2463,3,3
2464,3,3
2465,1,3
2466,3,3
2467,3,3
2468,3,3
2469,1,3
2470,1,3
2471,1,3
2472,4,3
2473,1,3
2474,4,3
2475,4,3
2476,1,3
2477,3,3
2478,1,3
2479,3,3
2480,4,3
2481,2,3
2482,1,3
2483,1,3
2484,1,3
2485,1,3
2486,1,3
2487,1,3
2488,4,3
2489,1,3
2490,4,3
2491,1,3
2492,1,3
2493,1,3
2494,1,3
2495,1,3
2496,1,3
2497,4,3
2498,4,3
2499,4,3
2500,4,3
2501,3,3
2502,1,3
2503,1,3
2504,4,3
2505,1,3
2506,3,3
2507,1,3
2508,3,3
2509,3,3
2510,3,3
2511,3,3
2512,1,3
2513,3,3
2514,3,3
2515,1,3
2516,3,3
2517,1,3
2518,3,3
2519,3,3
2520,3,3
2521,3,3
2522,3,3
2523,3,3
2524,3,3
2525,3,3
2526,1,3
2527,4,3
2528,1,3
2529,3,3
2530,1,3
2531,3,3
2532,1,3
2533,1,3
2534,1,3
2535,3,3
2536,3,3
2537,4,3
2538,1,3
2539,1,3
2540,1,3
2541,3,3
2542,1,3
2543,1,3
2544,3,3
2545,1,3
2546,4,3
2547,1,3
2548,3,3
2549,3,3
2550,3,3
2551,1,3
2552,4,3
2553,1,3
2554,1,3
2555,1,3
2556,3,3
2557,3,3
2558,3,3
2559,4,3
2560,3,3
2561,3,3
2562,4,3
2563,7,3
2564,4,3
2565,4,3
2566,4,3
2567,3,3
2568,1,3
2569,1,3
2570,1,3
2571,1,3
2572,1,3
2573,1,3
2574,1,3
2575,1,3
2576,3,3
2577,1,3
2578,1,3
2579,1,3
2580,1,3
2581,1,3
2582,1,3
2583,1,3
2584,3,3
2585,1,3
2586,4,3
2587,7,3
2588,1,3
2589,1,3
2590,7,3
2591,7,3
2592,4,3
2593,4,3
2594,4,3
2595,1,3
2596,1,3
2597,1,3
2598,1,3
2599,1,3
2600,3,3
2601,3,3
2602,3,3
2603,4,3
2604,3,3
2605,4,3
2606,3,3
2607,7,3
2608,3,3
2609,7,3
2610,4,3
2611,4,3
2612,1,3
2613,7,3
2614,1,3
2615,3,3
2616,3,3
2617,3,3
2618,3,3
2619,3,3
2620,3,3
2621,4,3
2622,4,3
2623,3,3
2624,4,3
2625,1,3
2626,1,3
2627,4,3
2628,3,3
2629,1,3
2630,4,3
2631,4,3
2632,3,3
2633,3,3
2634,3,3
2635,3,3
2636,3,3
2637,4,3
2638,4,3
2639,4,3
2640,4,3
2641,3,3
2642,4,3
2643,4,3
2644,3,3
2645,3,3
2646,3,3
2647,1,3
2648,1,3
2649,1,3
2650,4,3
2651,1,3
2652,4,3
2653,1,3
2654,1,3
2655,1,3
2656,7,3
2657,3,3
2658,3,3
2659,4,3
2660,4,3
2661,1,3
2662,1,3
2663,1,3
2664,1,3
2665,1,3
2666,3,3
2667,3,3
2668,3,3
2669,3,3
2670,4,3
2671,7,3
2672,4,3
2673,7,3
2674,7,3
2675,4,3
2676,3,3
2677,4,3
2678,3,3
2679,1,3
2680,4,3
2681,3,3
2682,7,3
2683,4,3
2684,1,3
2685,1,3
2686,1,3
2687,1,3
2688,3,3
2689,1,3
2690,3,3
2691,3,3
2692,3,3
2693,3,3
2694,3,3
2695,1,3
2696,1,3
2697,1,3
2698,1,3
2699,1,3
2700,3,3
2701,3,3
2702,3,3
2703,3,3
2704,3,3
2705,3,3
2706,3,3
2707,3,1
2708,3,1
2709,3,1
2710,1,1
2711,3,1
2712,1,1
2713,1,1
2714,2,1
2715,1,1
2716,1,1
2717,9,1
2718,9,9
2719,9,9
2720,9,9
2721,9,9
2722,9,9
2723,9,9
2724,9,9
2725,9,9
2726,5,9
2727,9,9
2728,9,9
2729,9,9
2730,9,9
2731,9,1
2732,9,1
2733,1,1
2734,1,1
2735,1,1
2736,1,1
2737,1,1
2738,1,1
2739,1,1
2740,1,1
2741,4,1
2742,4,1
2743,4,1
2744,4,1
2745,4,1
2746,3,1
2747,3,1
2748,1,1
2749,1,1
2750,1,1
2751,1,1
2752,4,1
2753,1,1
2754,4,1
2755,4,1
2756,3,1
2757,4,1
2758,4,1
2759,4,1
2760,4,1
2761,3,1
2762,4,1
2763,4,1
2764,4,1
2765,1,1
2766,1,1
2767,1,1
2768,1,1
2769,1,1
2770,1,1
2771,1,1
2772,1,1
2773,1,1
2774,3,1
2775,1,1
2776,3,1
2777,1,1
2778,4,1
2779,4,1
2780,4,1
2781,1,1
2782,3,1
2783,1,1
2784,1,1
2785,4,1
2786,1,1
2787,1,1
2788,1,1
2789,1,1
2790,1,1
2791,1,1
2792,1,1
2793,1,1
2794,1,1
2795,1,1
2796,2,1
2797,1,1
2798,1,1
2799,1,1
2800,4,1
2801,4,1
2802,4,1
2803,4,1
2804,1,1
2805,1,1
2806,4,1
2807,1,1
2808,4,1
2809,4,3
2810,4,3
2811,4,3
2812,4,3
2813,4,3
2814,4,3
2815,4,3
2816,4,3
2817,4,3
2818,4,3
2819,4,3
2820,4,3
2821,4,3
2822,4,3
2823,4,3
2824,4,3
2825,4,3
2826,4,3
2827,1,3
2828,4,3
2829,4,3
2830,4,3
2831,4,3
2832,4,3
2833,4,3
2834,4,3
2835,4,3
2836,4,3
2837,4,3
2838,4,3
2839,4,3
2840,4,3
2841,4,3
2842,4,3
2843,4,3
2844,4,3
2845,4,3
2846,1,3
2847,1,3
2848,1,3
2849,4,3
2850,4,3
2851,4,3
2852,4,3
2853,4,3
2854,1,3
2855,3,3
2856,7,3
2857,4,3
2858,7,3
2859,1,3
2860,4,3
2861,4,3
2862,5,3
2863,2,3
2864,1,3
2865,3,3
2866,3,3
2867,3,3
2868,1,3
2869,4,3
2870,4,3
2871,3,3
2872,3,3
2873,3,3
2874,3,3
2875,3,3
2876,3,3
2877,3,3
2878,3,3
2879,3,3
2880,3,3
2881,3,3
2882,3,3
2883,3,3
2884,3,3
2885,3,3
2886,3,3
2887,3,3
2888,3,3
2889,3,3
2890,3,3
2891,3,3
2892,3,3
2893,3,3
2894,3,3
2895,3,3
2896,3,3
2897,3,3
2898,3,3
2899,1,3
2900,3,3
2901,4,3
2902,4,3
2903,3,3
2904,4,3
2905,3,3
2906,3,3
2907,3,3
2908,3,3
2909,4,3
2910,3,3
2911,3,3
2912,3,3
2913,4,3
2914,3,3
2915,3,3
2916,4,3
2917,1,3
2918,3,3
2919,3,3
2920,3,3
2921,3,3
2922,3,3
2923,3,3
2924,3,3
2925,3,3
2926,3,3
2927,3,3
2928,3,3
2929,3,3
2930,3,3
2931,3,3
2932,3,3
2933,3,3
2934,3,3
2935,3,3
2936,3,3
2937,3,3
2938,3,3
2939,4,3
2940,4,3
2941,4,3
2942,4,3
2943,4,3
2944,4,3
2945,4,3
2946,1,3
2947,4,3
2948,4,3
2949,4,3
2950,4,3
2951,4,3
2952,4,3
2953,4,3
2954,4,3
2955,4,3
2956,4,3
2957,4,3
2958,3,3
2959,3,3
2960,4,3
2961,4,3
2962,4,3
2963,3,3
2964,4,3
2965,3,3
2966,3,3
2967,1,3
2968,1,3
2969,1,3
2970,3,3
2971,3,3
2972,4,3
2973,4,3
2974,4,3
2975,4,3
2976,4,3
2977,4,3
2978,1,3
2979,4,3
2980,4,3
2981,4,3
2982,1,3
2983,1,3
2984,1,3
2985,1,3
2986,1,3
2987,1,3
2988,4,3
2989,4,3
2990,4,3
2991,8,3
2992,4,3
2993,4,3
2994,4,3
2995,4,3
2996,1,3
2997,3,3
2998,1,3
2999,4,3
3000,4,3
3001,4,3
3002,3,3
3003,3,3
3004,4,3
3005,4,3
3006,3,3
3007,3,3
3008,3,3
3009,4,3
3010,4,3
3011,4,3
3012,4,3
3013,1,3
3014,1,3
3015,1,3
3016,1,3
3017,3,3
3018,3,3
3019,3,3
3020,3,3
3021,4,3
3022,4,3
3023,3,3
3024,3,3
3025,3,3
3026,3,3
3027,4,3
3028,3,3
3029,3,3
3030,3,3
3031,4,3
3032,4,3
3033,4,3
3034,4,3
3035,1,3
3036,1,3
3037,1,1
3038,1,1
3039,1,1
3040,1,1
3041,4,1
3042,1,1
3043,1,1
3044,1,1
3045,1,1
3046,1,1
3047,1,1
3048,4,1
3049,4,1
3050,1,1
3051,1,1
3052,1,1
3053,4,1
3054,1,1
3055,1,1
3056,3,1
3057,1,1
3058,3,1
3059,3,1
3060,3,1
3061,1,1
3062,1,1
3063,1,1
3064,1,1
3065,1,1
3066,1,1
3067,1,1
3068,1,1
3069,1,1
3070,3,1
3071,1,1
3072,1,1
3073,1,1
3074,1,1
3075,1,1
3076,1,1
3077,1,1
3078,1,1
3079,1,1
3080,1,1
3081,1,1
3082,1,1
3083,1,1
3084,2,1
3085,1,1
3086,1,1
3087,2,1
3088,1,1
3089,1,1
3090,1,1
3091,2,1
3092,3,1
3093,7,1
3094,9,1
3095,6,1
3096,6,1
3097,6,1
3098,6,1
3099,6,1
3100,6,1
3101,5,1
3102,5,1
3103,5,1
3104,3,1
3105,6,1
3106,3,1
3107,6,1
3108,5,1
3109,6,1
3110,6,1
3111,3,1
3112,6,1
3113,6,1
3114,2,1
3115,2,1
3116,2,1
3117,1,1
3118,1,1
3119,5,1
3120,7,1
3121,7,1
3122,4,1
3123,1,1
3124,4,1
3125,4,1
3126,4,1
3127,4,1
3128,4,1
3129,4,1
3130,1,1
3131,4,1
3132,3,1
3133,2,1
3134,4,1
3135,9,1
3136,1,1
3137,1,1
3138,3,1
3139,3,1
3140,3,1
3141,3,1
3142,1,1
3143,3,1
3144,1,1
3145,1,1
3146,3,1
3147,3,1
3148,1,1
3149,2,1
3150,1,1
3151,1,1
3152,3,1
3153,4,1
3154,4,1
3155,4,1
3156,4,1
3157,3,1
3158,4,1
3159,4,1
3160,2,1
3161,2,1
3162,2,1
3163,4,1
3164,1,1
3165,2,1
3166,4,1
3167,4,1
3168,2,1
3169,2,1
3170,4,1
3171,1,1
3172,3,1
3173,2,1
3174,4,1
3175,3,1
3176,4,1
3177,4,1
3178,3,1
3179,3,1
3180,3,1
3181,4,1
3182,3,1
3183,1,1
3184,1,1
3185,7,1
3186,4,1
3187,4,1
3188,3,1
3189,4,1
3190,3,1
3191,3,1
3192,3,1
3193,3,1
3194,3,1
3195,3,1
3196,4,1
3197,4,1
3198,4,1
3199,4,1
3200,4,1
3201,4,1
3202,4,1
3203,4,1
3204,4,1
3205,4,1
3206,4,1
3207,4,1
3208,4,1
3209,4,1
3210,4,1
3211,4,1
3212,3,1
3213,3,1
3214,4,1
3215,3,1
3216,3,1
3217,4,1
3218,2,1
3219,1,1
3220,1,1
3221,1,1
3222,1,1
3223,1,1
3224,4,1
3225,4,1
3226,4,1
3227,4,1
3228,4,1
3229,4,1
3230,4,1
3231,4,1
3232,1,1
3233,4,1
3234,1,1
3235,6,1
3236,4,1
3237,3,1
3238,4,1
3239,1,1
3240,1,1
3241,4,1
3242,3,1
3243,3,1
3244,4,1
3245,4,1
3246,1,1
3247,4,1
3248,4,1
3249,1,1
3250,7,1
3251,4,1
3252,3,1
3253,4,1
3254,4,1
3255,4,1
3256,3,1
3257,4,1
3258,4,1
3259,1,4
3260,1,4
3261,1,4
3262,1,4
3263,1,4
3264,1,4
3265,1,4
3266,1,4
3267,1,4
3268,1,4
3269,1,4
3270,1,4
3271,1,4
3272,1,4
3273,1,4
3274,1,4
3275,1,4
3276,1,4
3277,1,4
3278,1,4
3279,1,4
3280,4,4
3281,6,4
3282,3,4
3283,3,4
3284,3,4
3285,4,4
3286,4,4
3287,4,4
3288,4,4
3289,3,4
3290,3,4
3291,3,4
3292,3,4
3293,3,4
3294,3,4
3295,3,4
3296,3,4
3297,3,4
3298,7,4
3299,7,4
3300,4,4
3301,4,4
3302,4,4
3303,1,4
3304,1,4
3305,4,4
3306,4,4
3307,4,4
3308,2,4
3309,1,3
3310,4,3
3311,4,3
3312,4,3
3313,4,3
3314,6,3
3315,3,3
3316,4,3
3317,4,3
3318,4,3
3319,4,3
3320,4,3
3321,4,3
3322,4,3
3323,4,3
3324,4,3
3325,4,3
3326,3,3
3327,3,3
3328,6,3
3329,4,3
3330,4,3
3331,4,3
3332,7,3
3333,4,3
3334,4,3
3335,4,3
3336,4,3
3337,4,3
3338,4,3
3339,4,3
3340,4,3
3341,4,3
3342,3,3
3343,2,3
3344,3,3
3345,4,3
3346,3,3
3347,2,3
3348,4,3
3349,1,3
3350,4,3
3351,4,3
3352,4,3
3353,2,3
3354,2,3
3355,1,3
3356,1,3
3357,3,3
3358,3,3
3359,3,3
3360,3,3
3361,3,3
3362,3,3
3363,7,3
3364,7,3
3365,3,3
3366,4,3
3367,4,3
3368,1,3
3369,1,3
3370,7,3
3371,7,3
3372,7,3
3373,4,3
3374,7,3
3375,2,3
3376,4,3
3377,4,3
3378,4,3
3379,4,3
3380,4,3
3381,4,3
3382,7,3
3383,4,3
3384,4,3
3385,4,3
3386,4,3
3387,4,3
3388,7,3
3389,4,3
3390,4,3
3391,2,3
3392,2,3
3393,4,3
3394,4,3
3395,2,3
3396,1,3
3397,1,3
3398,1,3
3399,1,3
3400,7,3
3401,9,3
3402,1,3
3403,1,3
3404,1,3
3405,1,3
3406,1,3
3407,1,3
3408,1,3
3409,1,3
3410,1,3
3411,1,3
3412,4,3
3413,1,3
3414,1,3
3415,1,3
3416,1,3
3417,1,3
3418,1,3
3419,1,3
3420,1,3
3421,1,3
3422,1,3
3423,7,3
3424,1,3
3425,1,3
3426,4,3
3427,4,3
3428,4,3
3429,3,3
3430,3,3
3431,1,3
3432,4,3
3433,1,3
3434,1,3
3435,1,3
3436,3,3
3437,1,3
3438,1,3
3439,3,3
3440,3,3
3441,1,3
3442,4,3
3443,1,3
3444,1,3
3445,1,3
3446,4,3
3447,3,3
3448,1,3
3449,1,3
3450,1,3
3451,7,3
3452,1,3
3453,7,3
3454,1,3
3455,1,3
3456,1,3
3457,4,3
3458,4,3
3459,1,3
3460,4,3
3461,4,3
3462,4,3
3463,4,3
3464,1,3
3465,4,3
3466,4,3
3467,1,3
3468,4,3
3469,4,3
3470,7,3
3471,1,3
3472,7,3
3473,1,3
3474,7,3
3475,1,3
3476,1,3
3477,1,3
3478,1,3
3479,4,3
3480,1,3
3481,1,3
3482,1,3
3483,1,3
3484,4,3
3485,1,3
3486,4,3
3487,4,3
3488,4,3
3489,4,3
3490,4,3
3491,4,3
3492,1,3
3493,4,3
3494,4,3
3495,4,3
3496,1,3
3497,1,3
3498,4,3
3499,4,3
3500,1,3
3501,1,3
3502,1,3
3503,1,3
3504,1,3
3505,1,3
3506,1,3
3507,1,3
3508,4,3
3509,4,3
3510,4,3
3511,6,3
3512,4,3
3513,4,3
3514,4,3
3515,6,4
3516,7,4
3517,7,4
3518,3,4
3519,7,4
3520,7,4
3521,7,4
3522,7,4
3523,1,4
3524,1,4
3525,7,4
3526,1,4
3527,4,4
3528,4,4
3529,1,4
3530,1,4
3531,4,4
3532,4,4
3533,4,4
3534,1,4
3535,1,4
3536,4,4
3537,7,4
3538,5,4
3539,1,4
3540,1,4
3541,4,4
3542,8,4
3543,8,4
3544,4,4
3545,4,4
3546,4,4
3547,4,4
3548,8,4
3549,4,4
3550,4,4
3551,4,4
3552,7,4
3553,4,4
3554,7,4
3555,7,4
3556,7,4
3557,7,4
3558,8,4
3559,4,4
3560,4,4
3561,5,4
3562,8,4
3563,8,4
3564,5,4
3565,4,4
3566,4,4
3567,5,4
3568,5,4
3569,5,4
3570,5,4
3571,4,4
3572,4,4
3573,5,4
3574,5,4
3575,5,4
3576,5,4
3577,5,4
3578,5,4
3579,5,4
3580,5,4
3581,5,5
3582,5,5
3583,5,5
3584,5,5
3585,5,5
3586,5,5
3587,5,5
3588,5,5
3589,5,5
3590,5,5
3591,5,5
3592,5,5
3593,5,5
3594,5,5
3595,5,5
3596,5,5
3597,5,5
3598,5,5
3599,5,5
3600,5,5
3601,5,5
3602,5,5
3603,5,5
3604,5,5
3605,5,5
3606,5,5
3607,5,5
3608,5,5
3609,5,5
3610,5,5
3611,5,5
3612,5,5
3613,5,5
3614,5,5
3615,5,5
3616,5,5
3617,5,5
3618,5,5
3619,5,5
3620,5,5
3621,5,5
3622,5,5
3623,5,5
3624,5,5
3625,5,5
3626,5,5
3627,5,5
3628,5,5
3629,5,5
3630,5,5
3631,5,5
3632,5,5
3633,5,5
3634,5,5
3635,5,5
3636,5,5
3637,5,5
3638,5,5
3639,5,5
3640,5,5
3641,5,5
3642,5,5
3643,5,5
3644,5,5
3645,5,5
3646,5,5
3647,5,5
3648,5,5
3649,5,5
3650,5,5
3651,5,5
3652,5,5
3653,5,5
3654,5,5
3655,5,5
3656,5,5
3657,5,5
3658,5,5
3659,5,5
3660,5,5
3661,5,5
3662,5,5
3663,5,5
3664,5,5
3665,5,5
3666,5,5
3667,5,5
3668,5,5
3669,5,5
3670,5,5
3671,5,5
3672,5,5
3673,5,5
3674,5,5
3675,5,5
3676,5,5
3677,5,5
3678,5,5
3679,5,5
3680,5,5
3681,5,5
3682,5,5
3683,5,5
3684,5,5
3685,5,5
3686,5,5
3687,5,5
3688,5,5
3689,5,5
3690,5,5
3691,5,5
3692,5,5
3693,5,5
3694,5,5
3695,5,5
3696,5,5
3697,5,5
3698,5,5
3699,5,5
3700,5,5
3701,5,5
3702,5,5
3703,5,5
3704,5,5
3705,5,5
3706,5,5
3707,5,5
3708,5,5
3709,5,5
3710,5,5
3711,5,5
3712,5,5
3713,5,5
3714,5,5
3715,5,5
3716,5,5
3717,5,5
3718,5,5
3719,5,5
3720,5,5
3721,5,5
3722,5,5
3723,5,5
3724,5,5
3725,5,5
3726,5,5
3727,5,5
3728,5,5
3729,5,5
3730,5,5
3731,5,5
3732,6,5
3733,5,5
3734,5,5
3735,5,5
3736,5,5
3737,9,1
3738,9,1
3739,1,1
3740,9,1
3741,9,1
3742,9,1
3743,5,1
3744,1,1
3745,1,1
3746,1,1
3747,1,1
3748,2,1
3749,1,1
3750,1,1
3751,1,1
3752,1,1
3753,1,1
3754,4,1
3755,2,1
3756,3,1
3757,4,1
3758,1,1
3759,1,1
3760,3,1
3761,3,1
3762,1,1
3763,3,1
3764,1,1
3765,1,1
3766,1,1
3767,1,1
3768,7,1
3769,3,1
3770,3,1
3771,1,1
3772,3,1
3773,3,1
3774,3,1
3775,4,1
3776,1,1
3777,1,1
3778,3,1
3779,1,1
3780,3,1
3781,3,1
3782,1,1
3783,1,1
3784,1,1
3785,2,1
3786,1,1
3787,1,1
3788,1,1
3789,1,1
3790,4,1
3791,7,1
3792,3,1
3793,4,1
3794,4,1
3795,4,1
3796,4,1
3797,4,1
3798,6,1
3799,6,1
3800,6,1
3801,1,1
3802,3,1
3803,7,1
3804,1,1
3805,1,1
3806,1,1
3807,1,1
3808,1,1
3809,7,1
3810,1,1
3811,4,1
3812,7,1
3813,7,1
3814,7,1
3815,7,1
3816,7,1
3817,4,1
3818,1,1
3819,7,1
3820,1,1
3821,1,1
3822,1,1
3823,1,1
3824,1,1
3825,1,1
3826,1,1
3827,1,1
3828,1,1
3829,2,1
3830,2,1
3831,3,1
3832,1,1
3833,1,1
3834,1,1
3835,1,1
3836,1,1
3837,1,1
3838,1,1
3839,1,1
3840,1,1
3841,1,1
3842,1,1
3843,7,1
3844,4,1
3845,7,1
3846,7,1
3847,7,1
3848,1,1
3849,7,1
3850,3,1
3851,7,1
3852,1,1
3853,1,1
3854,1,1
3855,7,1
3856,1,1
3857,1,1
3858,4,1
3859,1,1
3860,1,1
3861,1,1
3862,1,1
3863,1,1
3864,1,1
3865,4,1
3866,3,1
3867,4,1
3868,4,1
3869,1,1
3870,1,1
3871,1,1
3872,1,1
3873,1,1
3874,7,1
3875,1,1
3876,1,1
3877,4,1
3878,1,1
3879,1,1
3880,1,1
3881,1,1
3882,1,1
3883,1,1
3884,1,1
3885,4,1
3886,4,1
3887,4,1
3888,4,1
3889,4,1
3890,4,1
3891,1,1
3892,1,1
3893,1,1
3894,1,1
3895,3,1
3896,1,1
3897,1,1
3898,1,1
3899,1,1
3900,1,1
3901,1,1
3902,1,1
3903,1,9
3904,1,9
3905,1,9
3906,1,9
3907,1,9
3908,9,9
3909,9,9
3910,9,9
3911,6,9
3912,6,9
3913,6,9
3914,9,9
3915,9,9
3916,9,9
3917,9,9
3918,9,9
3919,9,9
3920,5,9
3921,9,9
3922,9,9
3923,9,9
3924,9,9
3925,9,9
3926,9,9
3927,9,9
3928,9,9
3929,9,9
3930,1,9
3931,3,9
3932,9,9
3933,1,9
3934,1,9
3935,1,9
3936,1,9
3937,1,9
3938,1,9
3939,1,9
3940,1,1
3941,1,1
3942,1,1
3943,4,1
3944,1,1
3945,1,1
3946,1,1
3947,1,1
3948,1,1
3949,2,1
3950,2,1
3951,2,1
3952,7,1
3953,7,1
3954,4,1
3955,4,1
3956,7,1
3957,1,1
3958,1,1
3959,4,1
3960,4,1
3961,4,1
3962,4,1
3963,4,1
3964,4,1
3965,4,1
3966,7,1
3967,1,1
3968,1,1
3969,7,1
3970,7,1
3971,4,1
3972,1,1
3973,1,1
3974,1,1
3975,4,1
3976,1,1
3977,1,1
3978,7,1
3979,7,1
3980,7,1
3981,7,1
3982,4,1
3983,1,1
3984,1,1
3985,1,1
3986,1,1
3987,1,1
3988,1,1
3989,1,1
3990,1,1
3991,1,1
3992,1,1
3993,1,1
3994,1,1
3995,1,1
3996,1,1
3997,1,1
3998,1,1
3999,1,1
4000,1,1
4001,1,1
4002,1,1
4003,1,1
4004,1,1
4005,1,1
4006,1,1
4007,1,1
4008,1,1
4009,3,1
4010,3,1
4011,3,1
4012,1,1
4013,4,1
4014,3,1
4015,3,1
4016,1,1
4017,7,1
4018,4,1
4019,4,1
4020,4,1
4021,4,1
4022,1,1
4023,1,1
4024,1,1
4025,1,1
4026,4,1
4027,4,1
4028,4,1
4029,4,1
4030,4,1
4031,4,1
4032,4,1
4033,4,1
4034,3,1
4035,4,1
4036,4,1
4037,4,1
4038,4,4
4039,3,4
4040,4,4
4041,4,4
4042,4,4
4043,3,4
4044,4,4
4045,3,4
4046,3,4
4047,4,4
4048,3,4
4049,1,4
4050,4,4
4051,4,4
4052,4,4
4053,4,4
4054,4,4
4055,4,4
4056,4,4
4057,3,4
4058,1,4
4059,4,4
4060,4,4
4061,4,4
4062,3,4
4063,4,4
4064,3,4
4065,3,4
4066,3,4
4067,3,4
4068,4,4
4069,4,4
4070,4,4
4071,4,4
4072,3,4
4073,1,4
4074,6,4
4075,6,4
4076,4,4
4077,4,4
4078,4,4
4079,3,4
4080,4,4
4081,4,4
4082,4,4
4083,4,4
4084,4,4
4085,4,4
4086,3,4
4087,4,4
4088,4,4
4089,3,4
4090,2,4
4091,4,4
4092,4,4
4093,4,4
4094,1,4
4095,4,4
4096,4,4
4097,4,4
4098,1,4
4099,1,4
4100,1,4
4101,1,1
4102,1,1
4103,4,1
4104,1,1
4105,4,1
4106,1,1
4107,3,1
4108,7,1
4109,3,1
4110,3,1
4111,7,1
4112,7,1
4113,7,1
4114,7,1
4115,7,1
4116,7,1
4117,7,1
4118,7,1
4119,7,1
4120,7,1
4121,7,1
4122,7,1
4123,7,1
4124,7,1
4125,7,1
4126,4,1
4127,4,1
4128,4,1
4129,4,1
4130,4,1
4131,4,1
4132,3,1
4133,7,1
4134,1,1
4135,4,1
4136,4,1
4137,4,1
4138,4,1
4139,4,1
4140,4,1
4141,4,1
4142,4,1
4143,4,1
4144,4,1
4145,4,1
4146,4,1
4147,4,1
4148,4,1
4149,4,1
4150,4,1
4151,4,1
4152,4,1
4153,4,1
4154,1,1
4155,1,1
4156,4,1
4157,4,1
4158,4,1
4159,4,1
4160,5,1
4161,4,1
4162,4,1
4163,4,1
4164,8,1
4165,4,1
4166,4,1
4167,4,1
4168,8,1
4169,4,1
4170,4,1
4171,4,1
4172,4,1
4173,4,1
4174,1,1
4175,1,1
4176,1,1
4177,1,1
4178,1,1
4179,1,1
4180,4,1
4181,4,1
4182,4,1
4183,1,1
4184,1,1
4185,4,1
4186,1,1
4187,1,1
4188,4,1
4189,4,1
4190,4,1
4191,4,1
4192,4,1
4193,1,1
4194,4,1
4195,1,1
4196,4,1
4197,1,1
4198,4,1
4199,3,1
4200,4,1
4201,4,1
4202,4,1
4203,4,1
4204,4,1
4205,4,1
4206,4,1
4207,8,1
4208,3,1
4209,7,1
4210,4,1
4211,4,1
4212,3,1
4213,4,1
4214,4,1
4215,4,1
4216,4,1
4217,7,1
4218,4,1
4219,4,1
4220,4,1
4221,4,1
4222,4,1
4223,4,1
4224,4,1
4225,4,1
4226,2,1
4227,4,1
4228,1,1
4229,2,1
4230,1,1
4231,4,1
4232,4,1
4233,7,1
4234,7,1
4235,4,1
4236,3,1
4237,3,1
4238,6,1
4239,1,1
4240,1,1
4241,1,1
4242,1,1
4243,1,1
4244,1,1
4245,1,1
4246,3,1
4247,3,1
4248,3,1
4249,3,1
4250,3,1
4251,3,4
4252,1,4
4253,7,4
4254,3,4
4255,3,4
4256,3,4
4257,3,4
4258,3,4
4259,3,4
4260,3,4
4261,3,4
4262,3,4
4263,1,4
4264,3,4
4265,3,4
4266,4,4
4267,4,4
4268,4,4
4269,4,4
4270,4,4
4271,7,4
4272,4,4
4273,4,4
4274,7,4
4275,4,4
4276,4,4
4277,4,4
4278,4,4
4279,4,4
4280,4,4
4281,4,4
4282,4,4
4283,4,4
4284,4,4
4285,4,4
4286,4,4
4287,1,4
4288,4,4
4289,4,4
4290,4,4
4291,7,4
4292,4,4
4293,4,4
4294,4,4
4295,4,4
4296,7,4
4297,3,4
4298,3,4
4299,4,4
4300,7,4
4301,3,4
4302,3,4
4303,4,4
4304,2,4
4305,2,4
4306,2,4
4307,2,4
4308,4,4
4309,2,4
4310,1,4
4311,4,4
4312,4,4
4313,1,4
4314,1,4
4315,1,4
4316,1,4
4317,7,4
4318,1,4
4319,3,4
4320,4,4
4321,4,4
4322,4,4
4323,1,4
4324,4,4
4325,4,4
4326,7,4
4327,7,4
4328,7,4
4329,7,4
4330,7,4
4331,7,4
4332,7,4
4333,7,4
4334,7,4
4335,7,4
4336,4,4
4337,4,4
4338,4,4
4339,4,4
4340,1,4
4341,4,4
4342,4,4
4343,4,4
4344,4,4
4345,7,4
4346,4,4
4347,4,4
4348,1,4
4349,9,4
4350,7,4
4351,7,4
4352,4,4
4353,4,4
4354,7,4
4355,9,4
4356,1,4
4357,1,4
4358,1,4
4359,7,4
4360,1,4
4361,9,4
4362,1,4
4363,1,4
4364,1,4
4365,1,4
4366,7,4
4367,7,4
4368,4,4
4369,4,4
4370,7,4
4371,4,4
4372,7,4
4373,4,4
4374,3,4
4375,3,4
4376,3,4
4377,2,4
4378,3,4
4379,1,4
4380,9,4
4381,1,4
4382,1,4
4383,7,4
4384,7,4
4385,7,4
4386,7,4
4387,4,4
4388,7,4
4389,1,4
4390,1,4
4391,4,4
4392,4,4
4393,4,4
4394,4,4
4395,4,4
4396,3,4
4397,3,4
4398,4,4
4399,4,4
4400,4,4
4401,4,4
4402,4,4
4403,4,4
4404,4,4
4405,4,4
4406,3,4
4407,1,4
4408,7,4
4409,7,4
4410,7,4
4411,4,4
4412,7,4
4413,7,4
4414,7,4
4415,4,4
4416,4,4
4417,1,4
4418,7,4
4419,3,4
4420,3,4
4421,4,4
4422,7,4
4423,6,4
4424,4,4
4425,7,4
4426,7,4
4427,7,4
4428,7,4
4429,5,4
4430,4,4
4431,4,4
4432,4,4
4433,4,4
4434,7,4
4435,4,4
4436,4,4
4437,4,4
4438,1,4
4439,4,4
4440,4,4
4441,4,4
4442,1,4
4443,4,4
4444,6,4
4445,4,4
4446,7,4
4447,4,4
4448,4,4
4449,7,4
4450,4,4
4451,4,4
4452,4,4
4453,4,4
4454,4,4
4455,4,4
4456,4,4
4457,4,4
4458,4,4
4459,4,4
4460,4,4
4461,4,4
4462,4,4
4463,4,4
4464,4,4
4465,4,4
4466,1,4
4467,1,4
4468,1,4
4469,4,4
4470,4,4
4471,4,4
4472,4,4
4473,4,4
4474,4,4
4475,1,4
4476,4,4
4477,4,4
4478,1,4
4479,4,4
4480,4,4
4481,4,4
4482,1,4
4483,1,4
4484,1,4
4485,4,4
4486,4,4
4487,4,4
4488,1,4
4489,4,8
4490,4,8
4491,4,8
4492,4,8
4493,4,8
4494,4,8
4495,4,8
4496,4,8
4497,4,8
4498,4,8
4499,4,8
4500,4,8
4501,4,8
4502,3,8
4503,8,8
4504,1,8
4505,4,8
4506,8,8
4507,8,8
4508,8,8
4509,4,8
4510,4,8
4511,4,8
4512,7,8
4513,8,8
4514,4,8
4515,4,8
4516,4,8
4517,4,8
4518,4,8
4519,4,8
4520,4,8
4521,4,8
4522,8,8
4523,8,8
4524,8,8
4525,7,8
4526,5,8
4527,8,8
4528,4,8
4529,4,8
4530,5,8
4531,4,8
4532,4,8
4533,4,8
4534,4,8
4535,4,8
4536,4,8
4537,4,8
4538,4,8
4539,1,1
4540,4,1
4541,1,1
4542,1,1
4543,1,1
4544,1,1
4545,1,1
4546,1,1
4547,1,1
4548,4,1
4549,1,1
4550,1,1
4551,1,1
4552,4,1
4553,4,1
4554,1,1
4555,1,1
4556,1,1
4557,4,1
4558,1,1
4559,1,1
4560,1,1
4561,1,1
4562,1,1
4563,1,1
4564,1,1
4565,1,1
4566,1,1
4567,1,1
4568,1,1
4569,1,1
4570,1,1
4571,1,1
4572,1,1
4573,1,1
4574,1,1
4575,1,1
4576,1,1
4577,1,1
4578,1,1
4579,1,1
4580,1,1
4581,1,1
4582,1,1
4583,4,1
4584,1,1
4585,1,1
4586,1,1
4587,1,1
4588,1,1
4589,1,1
4590,1,1
4591,1,1
4592,1,1
4593,1,1
4594,1,1
4595,1,1
4596,1,1
4597,1,1
4598,1,1
4599,1,1
4600,3,1
4601,7,1
4602,1,1
4603,4,1
4604,1,1
4605,1,1
4606,7,1
4607,4,1
4608,1,1
4609,1,1
4610,4,1
4611,4,1
4612,4,1
4613,4,1
4614,4,1
4615,4,1
4616,4,1
4617,4,1
4618,4,1
4619,4,1
4620,4,1
4621,5,1
4622,4,1
4623,5,1
4624,4,1
4625,4,1
4626,4,1
4627,1,1
4628,1,1
4629,4,1
4630,4,1
4631,4,1
4632,4,1
4633,1,1
4634,4,1
4635,4,1
4636,4,1
4637,4,1
4638,4,1
4639,4,1
4640,1,1
4641,1,1
4642,4,1
4643,4,1
4644,4,1
4645,5,1
4646,5,1
4647,4,1
4648,1,1
4649,5,1
4650,1,1
4651,4,1
4652,4,1
4653,5,1
4654,4,1
4655,4,1
4656,4,1
4657,4,1
4658,4,1
4659,3,1
4660,4,1
4661,4,1
4662,4,1
4663,4,1
4664,4,1
4665,1,1
4666,4,1
4667,4,1
4668,7,1
4669,4,1
4670,1,1
4671,4,1
4672,4,1
4673,7,1
4674,4,1
4675,4,1
4676,4,1
4677,7,1
4678,4,1
4679,4,1
4680,4,1
4681,4,1
4682,4,1
4683,4,1
4684,4,1
4685,5,1
4686,4,1
4687,4,1
4688,4,1
4689,5,1
4690,5,1
4691,5,1
4692,7,1
4693,5,1
4694,4,1
4695,1,1
4696,4,1
4697,5,1
4698,5,1
4699,4,1
4700,4,1
4701,4,1
4702,4,1
4703,4,1
4704,4,1
4705,4,1
4706,4,1
4707,4,1
4708,5,1
4709,5,1
4710,4,1
4711,4,1
4712,1,1
4713,4,1
4714,1,1
4715,4,1
4716,1,1
4717,4,1
4718,4,1
4719,4,1
4720,4,1
4721,4,1
4722,4,1
4723,4,1
4724,4,1
4725,4,1
4726,4,1
4727,4,1
4728,4,1
4729,4,1
4730,4,1
4731,4,1
4732,4,1
4733,4,1
4734,4,1
4735,4,1
4736,4,1
4737,4,1
4738,1,1
4739,1,1
4740,1,1
4741,1,1
4742,1,1
4743,1,1
4744,5,1
4745,1,1
4746,4,1
4747,4,1
4748,5,1
4749,5,1
4750,4,1
4751,4,1
4752,5,1
4753,4,1
4754,7,1
4755,7,1
4756,5,1
4757,5,1
4758,6,1
4759,6,1
4760,7,1
4761,6,1
4762,5,1
4763,4,1
4764,4,1
4765,4,1
4766,4,1
4767,4,1
4768,4,1
4769,4,1
4770,4,1
4771,4,1
4772,4,1
4773,4,1
4774,4,4
4775,4,4
4776,4,4
4777,7,4
4778,4,4
4779,1,4
4780,1,4
4781,4,4
4782,4,4
4783,4,4
4784,4,4
4785,5,4
4786,4,4
4787,4,4
4788,4,4
4789,4,4
4790,4,4
4791,4,4
4792,4,4
4793,4,4
4794,1,4
4795,4,4
4796,1,4
4797,1,4
4798,4,4
4799,1,4
4800,4,4
4801,4,4
4802,7,4
4803,7,4
4804,1,4
4805,1,4
4806,1,4
4807,1,4
4808,3,4
4809,3,4
4810,3,4
4811,1,4
4812,1,4
4813,4,4
4814,1,4
4815,7,4
4816,7,4
4817,1,4
4818,1,4
4819,1,4
4820,1,4
4821,4,4
4822,4,4
4823,6,4
4824,6,4
4825,6,4
4826,4,4
4827,4,4
4828,4,4
4829,4,4
4830,4,4
4831,4,4
4832,4,4
4833,1,4
4834,4,4
4835,1,4
4836,4,4
4837,4,4
4838,4,4
4839,4,4
4840,7,4
4841,4,4
4842,4,4
4843,1,4
4844,1,4
4845,4,4
4846,4,4
4847,6,4
4848,4,4
4849,4,4
4850,1,4
4851,1,4
4852,1,4
4853,1,4
4854,1,4
4855,1,4
4856,4,4
4857,4,4
4858,4,4
4859,1,4
4860,1,4
4861,1,4
4862,4,4
4863,4,4
4864,1,4
4865,1,4
4866,5,4
4867,1,4
4868,1,4
4869,5,4
4870,1,4
4871,1,4
4872,3,4
4873,3,4
4874,4,4
4875,4,4
4876,4,4
4877,4,4
4878,4,4
4879,4,4
4880,4,4
4881,1,4
4882,1,4
4883,4,4
4884,4,4
4885,1,4
4886,1,4
4887,1,4
4888,4,4
4889,4,4
4890,7,4
4891,4,4
4892,4,4
4893,4,4
4894,4,4
4895,4,4
4896,4,4
4897,1,4
4898,4,4
4899,4,4
4900,4,4
4901,4,4
4902,1,4
4903,2,4
4904,7,4
4905,4,4
4906,4,4
4907,1,4
4908,2,4
4909,8,4
4910,3,4
4911,4,4
4912,4,4
4913,4,4
4914,1,4
4915,4,4
4916,4,4
4917,1,4
4918,3,4
4919,1,4
4920,1,4
4921,4,4
4922,4,4
4923,4,4
4924,4,4
4925,4,4
4926,4,4
4927,4,4
4928,4,4
4929,4,4
4930,4,4
4931,4,4
4932,4,4
4933,4,4
4934,1,4
4935,4,4
4936,3,4
4937,4,4
4938,4,4
4939,6,4
4940,4,4
4941,4,4
4942,6,4
4943,4,4
4944,4,4
4945,1,4
4946,4,4
4947,4,4
4948,6,4
4949,4,4
4950,4,4
4951,4,4
4952,4,4
4953,4,4
4954,3,4
4955,3,4
4956,3,4
4957,4,4
4958,4,4
4959,3,4
4960,3,4
4961,4,4
4962,4,4
4963,3,4
4964,4,4
4965,4,4
4966,4,4
4967,4,4
4968,4,4
4969,1,4
4970,7,4
4971,3,4
4972,3,4
4973,6,4
4974,4,4
4975,3,4
4976,4,4
4977,4,4
4978,4,4
4979,4,4
4980,3,4
4981,4,4
4982,1,4
4983,1,4
4984,4,4
4985,1,4
4986,3,4
4987,4,4
4988,4,4
4989,8,4
4990,3,4
4991,3,4
4992,3,4
4993,3,4
4994,3,4
4995,7,4
4996,4,4
4997,3,4
4998,3,4
4999,3,4
5000,7,4
5001,7,4
5002,4,4
5003,3,4
5004,4,4
5005,3,4
5006,4,4
5007,4,4
5008,4,4
5009,4,4
5010,1,4
5011,1,4
5012,4,4
5013,4,4
5014,4,4
5015,4,4
5016,3,4
5017,3,4
5018,4,4
5019,4,4
5020,4,4
5021,1,4
5022,4,4
5023,4,4
5024,4,4
5025,3,4
5026,4,4
5027,4,4
5028,1,4
5029,4,4
5030,4,4
5031,4,4
5032,4,4
5033,4,4
5034,4,4
5035,1,4
5036,1,4
5037,4,4
5038,4,4
5039,4,4
5040,7,4
5041,1,4
5042,1,4
5043,1,4
5044,1,4
5045,6,4
5046,1,4
5047,3,4
5048,9,4
5049,1,4
5050,9,4
5051,1,4
5052,9,4
5053,1,4
5054,1,4
5055,1,4
5056,8,4
5057,3,4
5058,1,4
5059,1,4
5060,1,4
5061,1,4
5062,1,4
5063,1,4
5064,1,4
5065,2,4
5066,4,4
5067,4,4
5068,4,4
5069,4,4
5070,4,4
5071,2,4
5072,6,4
5073,1,4
5074,1,4
5075,7,4
5076,1,4
5077,4,4
5078,4,4
5079,4,4
5080,4,4
5081,4,4
5082,4,4
5083,4,4
5084,4,4
5085,4,4
5086,4,4
5087,7,4
5088,4,4
5089,4,4
5090,4,4
5091,4,4
5092,4,4
5093,4,4
5094,4,4
5095,4,4
5096,4,4
5097,4,4
5098,4,4
5099,4,4
5100,4,4
5101,4,4
5102,4,4
5103,4,4
5104,4,4
5105,4,4
5106,4,4
5107,4,4
5108,4,4
5109,4,4
5110,4,4
5111,4,4
5112,4,4
5113,4,4
5114,4,4
5115,4,4
5116,4,4
5117,4,4
5118,4,4
5119,4,4
5120,4,4
5121,4,4
5122,4,4
5123,4,4
5124,4,4
5125,4,4
5126,4,4
5127,1,4
5128,1,4
5129,4,4
5130,4,4
5131,4,4
5132,1,4
5133,1,4
5134,4,4
5135,4,4
5136,4,4
5137,4,4
5138,4,4
5139,1,4
5140,1,4
5141,7,4
5142,4,4
5143,4,4
5144,1,4
5145,1,4
5146,1,4
5147,1,4
5148,1,4
5149,1,4
5150,1,4
5151,1,4
5152,1,4
5153,1,4
5154,1,4
5155,1,4
5156,1,4
5157,1,4
5158,4,4
5159,4,4
5160,1,4
5161,1,4
5162,1,4
5163,7,4
5164,1,4
5165,1,4
5166,4,4
5167,7,4
5168,4,5
5169,7,5
5170,4,5
5171,4,5
5172,4,5
5173,4,5
5174,4,5
5175,4,5
5176,4,5
5177,5,5
5178,5,5
5179,4,5
5180,4,5
5181,5,5
5182,5,5
5183,5,5
5184,5,5
5185,5,5
5186,5,5
5187,5,5
5188,5,5
5189,5,5
5190,5,5
5191,5,5
5192,5,5
5193,5,5
5194,5,5
5195,5,5
5196,5,5
5197,5,5
5198,5,5
5199,5,5
5200,5,5
5201,5,5
5202,5,5
5203,5,5
5204,5,5
5205,5,5
5206,5,5
5207,5,5
5208,5,5
5209,5,5
5210,5,5
5211,5,5
5212,5,5
5213,5,5
5214,5,5
5215,5,5
5216,5,5
5217,5,5
5218,5,5
5219,5,5
5220,4,5
5221,4,5
5222,5,5
5223,5,5
5224,5,5
5225,5,5
5226,5,5
5227,5,5
5228,5,5
5229,5,5
5230,5,5
5231,5,5
5232,5,5
5233,5,5
5234,5,5
5235,5,5
5236,5,5
5237,5,5
5238,5,5
5239,5,5
5240,5,5
5241,5,5
5242,5,5
5243,5,5
5244,5,5
5245,5,5
5246,5,5
5247,5,5
5248,5,5
5249,5,5
5250,5,5
5251,5,5
5252,5,5
5253,5,5
5254,5,5
5255,5,5
5256,5,5
5257,5,5
5258,5,5
5259,5,5
5260,5,5
5261,5,5
5262,5,5
5263,5,5
5264,5,5
5265,5,5
5266,5,5
5267,5,5
5268,5,5
5269,5,5
5270,5,5
5271,5,5
5272,5,5
5273,5,5
5274,5,5
5275,5,5
5276,5,5
5277,5,5
5278,5,5
5279,5,5
5280,5,5
5281,5,5
5282,5,5
5283,5,5
5284,5,5
5285,5,5
5286,5,5
5287,5,5
5288,5,5
5289,5,5
5290,5,5
5291,5,5
5292,5,5
5293,5,5
5294,5,5
5295,5,5
5296,5,5
5297,5,5
5298,5,5
5299,5,5
5300,5,5
5301,5,5
5302,5,5
5303,5,5
5304,5,5
5305,5,5
5306,5,5
5307,5,5
5308,5,5
5309,5,5
5310,5,5
5311,5,5
5312,5,5
5313,5,5
5314,5,5
5315,5,5
5316,5,5
5317,5,5
5318,5,5
5319,5,5
5320,5,5
5321,5,5
5322,5,5
5323,5,5
5324,5,5
5325,5,5
5326,5,5
5327,10,5
5328,10,5
5329,5,5
5330,10,5
5331,5,5
5332,10,5
5333,10,5
5334,10,5
5335,10,5
5336,10,5
5337,10,5
5338,10,5
5339,10,5
5340,10,5
5341,10,10
5342,10,10
5343,10,10
5344,10,10
5345,10,10
5346,10,10
5347,10,10
5348,10,10
5349,10,10
5350,10,10
5351,10,10
5352,10,10
5353,10,10
5354,10,10
5355,10,10
5356,10,10
5357,10,10
5358,10,10
5359,10,10
5360,10,10
5361,10,10
5362,10,10
5363,10,10
5364,10,10
5365,10,10
5366,10,10
5367,10,10
5368,10,10
5369,10,10
5370,10,10
5371,10,10
5372,10,10
5373,10,10
5374,10,10
5375,10,10
5376,10,10
5377,10,10
5378,10,10
5379,10,10
5380,10,10
5381,10,10
5382,10,10
5383,10,10
5384,10,10
5385,10,10
5386,10,10
5387,10,10
5388,10,10
5389,10,10
5390,10,10
5391,10,10
5392,10,10
5393,10,10
5394,10,10
5395,10,10
5396,10,10
5397,10,10
5398,10,10
5399,10,10
5400,10,10
5401,10,10
5402,10,10
5403,10,10
5404,10,10
5405,10,10
5406,10,10
5407,10,10
5408,10,10
5409,10,10
5410,10,10
5411,10,10
5412,10,10
5413,10,10
5414,10,10
5415,10,10
5416,10,10
5417,10,10
5418,10,10
5419,10,10
5420,10,10
5421,10,10
5422,10,10
5423,10,10
5424,10,10
5425,10,10
5426,10,10
5427,10,10
5428,10,10
5429,10,10
5430,10,10
5431,10,10
5432,10,10
5433,10,10
5434,10,10
5435,10,10
5436,10,10
5437,10,10
5438,10,10
5439,10,10
5440,10,10
5441,10,10
5442,10,10
5443,10,10
5444,10,10
5445,10,10
5446,10,10
5447,10,10
5448,10,10
5449,10,10
5450,10,10
5451,10,10
5452,10,10
5453,10,10
5454,10,10
5455,10,10
5456,10,10
5457,10,10
5458,10,10
5459,10,10
5460,10,10
5461,10,10
5462,10,10
5463,10,10
5464,10,10
5465,10,10
5466,10,10
5467,10,10
5468,10,10
5469,10,10
5470,10,10
5471,10,10
5472,10,10
5473,10,10
5474,10,10
5475,10,10
5476,10,10
5477,10,10
5478,10,10
5479,10,10
5480,10,10
5481,10,10
5482,10,10
5483,10,10
5484,10,10
5485,10,10
5486,10,10
5487,10,10
5488,10,10
5489,10,10
5490,10,10
5491,10,10
5492,10,10
5493,10,10
5494,10,10
5495,10,10
5496,10,10
5497,10,10
5498,10,10
5499,10,10
5500,10,10
5501,10,10
5502,10,10
5503,10,10
5504,10,10
5505,10,10
5506,10,10
5507,10,10
5508,10,10
5509,10,10
5510,10,10
5511,10,10
5512,10,10
5513,10,10
5514,10,10
5515,10,10
5516,10,10
5517,10,10
5518,10,10
5519,10,10
5520,10,10
5521,10,10
5522,10,10
5523,10,10
5524,10,10
5525,10,10
5526,10,10
5527,10,10
5528,10,10
5529,10,10
5530,10,10
5531,10,10
5532,10,10
5533,10,10
5534,10,10
5535,10,10
5536,10,10
5537,10,10
5538,10,10
5539,10,10
5540,10,10
5541,10,10
5542,10,10
5543,10,10
5544,10,10
5545,10,10
5546,10,10
5547,10,10
5548,10,10
5549,10,10
5550,10,10
5551,10,10
5552,10,10
5553,10,10
5554,10,10
5555,10,10
5556,10,10
5557,10,10
5558,10,10
5559,10,10
5560,10,10
5561,10,10
5562,10,10
5563,10,10
5564,10,10
5565,10,10
5566,10,10
5567,10,10
5568,10,10
5569,10,10
5570,10,10
5571,10,10
5572,10,10
5573,10,10
5574,10,10
5575,10,10
5576,10,10
5577,10,10
5578,10,10
5579,10,10
5580,10,10
5581,10,10
5582,10,10
5583,10,10
5584,10,10
5585,10,10
5586,10,10
5587,10,10
5588,10,10
5589,10,10
5590,10,10
5591,10,10
5592,10,10
5593,10,10
5594,10,10
5595,10,10
5596,10,10
5597,10,10
5598,10,10
5599,10,10
5600,10,10
5601,10,10
5602,10,10
5603,10,10
5604,10,10
5605,10,10
5606,10,10
5607,10,10
5608,10,10
5609,10,10
5610,10,10
5611,10,10
5612,10,10
5613,10,10
5614,10,10
5615,10,10
5616,10,10
5617,10,10
5618,10,10
5619,10,10
5620,10,10
5621,10,10
5622,10,10
5623,10,10
5624,10,10
5625,10,10
5626,10,10
5627,10,10
5628,10,10
5629,10,10
5630,10,10
5631,10,10
5632,10,10
5633,10,10
5634,10,10
5635,10,10
5636,10,10
5637,10,10
5638,10,10
5639,10,10
5640,10,10
5641,10,10
5642,10,10
5643,10,10
5644,10,10
5645,10,10
5646,10,10
5647,10,10
5648,10,10
5649,10,10
5650,10,10
5651,10,10
5652,10,10
5653,10,10
5654,10,10
5655,10,10
5656,10,10
5657,10,10
5658,10,10
5659,10,10
5660,10,10
5661,10,10
5662,10,10
5663,10,10
5664,10,10
5665,10,10
5666,10,10
5667,10,10
5668,10,10
5669,10,10
5670,10,10
5671,10,10
5672,10,10
5673,10,10
5674,10,10
5675,10,10
5676,10,10
5677,10,10
5678,10,10
5679,10,10
5680,10,10
5681,10,10
5682,10,10
5683,10,10
5684,10,10
5685,10,10
5686,10,10
5687,10,10
5688,10,10
5689,10,10
5690,10,10
5691,10,10
5692,10,10
5693,10,10
5694,10,10
5695,10,10
5696,10,10
5697,10,10
5698,10,10
5699,10,10
5700,10,10
5701,10,10
5702,10,10
5703,10,10
5704,10,10
5705,10,10
5706,10,10
5707,10,10
5708,10,10
5709,10,10
5710,10,10
5711,10,10
5712,10,10
5713,10,10
5714,10,10
5715,10,10
5716,10,10
5717,10,10
5718,10,10
5719,10,10
5720,10,10
5721,10,10
5722,10,10
5723,10,10
5724,10,10
5725,10,10
5726,10,10
5727,10,10
5728,10,10
5729,10,10
5730,10,10
5731,10,10
5732,10,10
5733,10,10
5734,10,10
5735,10,10
5736,10,10
5737,10,10
5738,10,10
5739,10,10
5740,10,10
5741,10,10
5742,10,10
5743,10,10
5744,10,10
5745,10,10
5746,10,10
5747,10,10
5748,10,10
5749,10,10
5750,10,10
5751,10,10
5752,10,10
5753,10,10
5754,10,10
5755,10,10
5756,10,10
5757,10,10
5758,10,10
5759,10,10
5760,10,10
5761,10,10
5762,10,10
5763,10,10
5764,10,10
5765,10,10
5766,10,10
5767,10,10
5768,10,10
5769,10,10
5770,10,10
5771,10,10
5772,10,10
5773,10,10
5774,10,10
5775,10,10
5776,10,10
5777,10,10
5778,10,10
5779,10,10
5780,10,10
5781,10,10
5782,10,10
5783,10,10
5784,10,10
5785,10,10
5786,10,10
5787,10,10
5788,10,10
5789,10,10
5790,10,10
5791,10,10
5792,10,10
5793,10,10
5794,10,10
5795,10,10
5796,10,10
5797,10,10
5798,10,10
5799,10,10
5800,10,10
5801,10,10
5802,10,10
5803,10,10
5804,10,10
5805,10,10
5806,10,10
5807,10,10
5808,10,10
5809,10,10
5810,10,10
5811,10,10
5812,10,10
5813,10,10
5814,10,10
5815,10,10
5816,10,10
5817,10,10
5818,10,10
5819,10,10
5820,10,10
5821,10,10
5822,10,10
5823,10,10
5824,10,10
5825,10,10
5826,10,10
5827,10,10
5828,10,10
5829,10,10
5830,10,10
5831,10,10
5832,10,10
5833,10,10
5834,10,10
5835,10,10
5836,10,10
5837,10,10
5838,10,10
5839,10,10
5840,10,10
5841,10,10
5842,10,10
5843,10,10
5844,10,10
5845,10,10
5846,10,10
5847,10,10
5848,10,10
5849,10,10
5850,10,10
5851,10,10
5852,10,10
5853,10,10
5854,10,10
5855,10,10
5856,10,10
5857,10,10
5858,10,10
5859,10,10
5860,10,10
5861,10,10
5862,10,10
5863,10,10
5864,10,10
5865,10,10
5866,10,10
5867,10,10
5868,10,10
5869,10,10
5870,10,10
5871,10,10
5872,10,10
5873,10,10
5874,10,10
5875,10,10
5876,10,10
5877,10,10
5878,10,10
5879,10,10
5880,10,10
5881,10,10
5882,10,10
5883,10,10
5884,10,10
5885,10,10
5886,10,10
5887,10,10
5888,10,10
5889,10,10
5890,10,10
5891,10,10
5892,10,10
5893,10,10
5894,10,10
5895,10,10
5896,10,10
5897,10,10
5898,10,10
5899,10,10
5900,10,10
5901,10,10
5902,10,10
5903,10,10
5904,10,10
5905,10,10
5906,10,10
5907,10,10
5908,10,10
5909,10,10
5910,10,10
5911,10,10
5912,10,10
5913,10,10
5914,10,10
5915,10,10
5916,10,10
5917,10,10
5918,10,10
5919,10,10
5920,10,10
5921,10,10
5922,10,10
5923,10,10
5924,10,10
5925,10,10
5926,10,10
5927,10,10
5928,10,10
5929,10,10
5930,10,10
5931,10,10
5932,10,10
5933,10,10
5934,10,10
5935,10,10
5936,10,10
5937,10,10
5938,10,10
5939,10,10
5940,10,10
5941,10,10
5942,10,10
5943,10,10
5944,10,10
5945,10,10
5946,10,10
5947,10,10
5948,10,10
5949,10,10
5950,10,10
5951,10,10
5952,10,10
5953,10,10
5954,10,10
5955,10,10
5956,10,10
5957,10,10
5958,10,10
5959,10,10
5960,10,10
5961,10,10
5962,10,10
5963,10,10
5964,10,10
5965,10,10
5966,10,10
5967,10,10
5968,10,10
5969,10,10
5970,10,10
5971,10,10
5972,10,10
5973,10,10
5974,10,10
5975,10,10
5976,10,10
5977,10,10
5978,10,10
5979,10,10
5980,10,10
5981,10,10
5982,10,10
5983,10,10
5984,10,10
5985,10,10
5986,10,10
5987,10,10
5988,10,10
5989,10,10
5990,10,10
5991,10,10
5992,10,10
5993,10,10
5994,10,10
5995,10,10
5996,0,10
5997,10,10
5998,10,10
5999,10,10
6000,10,10
6001,10,10
6002,10,10
6003,10,10
6004,10,10
6005,10,10
6006,10,10
